<?xml version="1.0"?>
<doc>
    <assembly>
        <name>Weather.DataServiceTests</name>
    </assembly>
    <members>
        <member name="T:Weather.DataServiceTests.ApixuDataServiceTest">
            <summary>
            Represents a test class that checks ApixuDataService works correctly.
            </summary>
        </member>
        <member name="M:Weather.DataServiceTests.ApixuDataServiceTest.GetWeatherDataTest">
            <summary>
            Represents a test method that checks that ApixuData service actually
            creates a WeatherData class with all correct data. if an exception
            is thrown - the test is failed.
            </summary>
        </member>
        <member name="T:Weather.DataServiceTests.OpenWeatherMapDataServiceTest">
            <summary>
            Represents a test class that checks OpenWeatherMapDataService works correctly.
            </summary>
        </member>
        <member name="M:Weather.DataServiceTests.OpenWeatherMapDataServiceTest.GetWeatherDataTest">
            <summary>
            Represents a test method that checks that OpenWeatherMap
            service actually creates a WeatherData class with all correct data.
            if an exception is thrown - the test is failed.
            </summary>
        </member>
    </members>
</doc>
